{"cameraMode":{"drawMode":0,"name":"Shaded","section":"Shading Mode"},"sceneLighting":true,"audioPlay":false,"sceneViewState":{"showFog":true,"showMaterialUpdate":false,"showSkybox":true,"showFlares":true,"showImageEffects":true,"showParticleSystems":true},"in2DMode":false,"pivot":{"x":4.242859840393066,"y":1.3319940567016602,"z":-1.2342681884765626},"rotation":{"x":0.03498515486717224,"y":-0.710679292678833,"z":0.03542579337954521,"w":0.7017706632614136},"size":10.518325805664063,"orthographic":false}